<?xml version="1.0" encoding="UTF-8"?>
<metadata xml:lang="en"><Esri><CreaDate>20220830</CreaDate><CreaTime>12413000</CreaTime><ArcGISFormat>1.0</ArcGISFormat><SyncOnce>TRUE</SyncOnce><DataProperties><itemProps><itemLocation><linkage Sync="TRUE">file://\\FRST-FCS-3201C\C$\Users\jenbaron\Documents\UBC\Teaching\GEM500\2022\Modules\2_Aerial Photography\Lab\Air Photos Spatial\Data\Historic_Medium</linkage><protocol Sync="TRUE">Local Area Network</protocol></itemLocation></itemProps><copyHistory><copy source="C:\Users\jenbaron\Documents\UBC\Teaching\GEM500\2022\Modules\2_Aerial Photography\Lab\Air Photos Spatial\Historic_Medium" dest="\\FRST-FCS-3201C\C$\Users\jenbaron\Documents\UBC\Teaching\GEM500\2022\Modules\2_Aerial Photography\Lab\Air Photos Spatial\Data\Historic_Medium" date="20220830" time="12413000"></copy></copyHistory><lineage><Process ToolSource="c:\program files\arcgis\pro\Resources\ArcToolbox\toolboxes\Data Management Tools.tbx\Copy" Date="20220830" Time="113950">Copy "C:\Users\jenbaron\Documents\UBC\Teaching\GEM500\2022\Modules\2_Aerial Photography\Lab\Lab Development\LLE Lab\Data\Historic_Medium.shp" "C:\Users\jenbaron\Documents\UBC\Teaching\GEM500\2022\Modules\2_Aerial Photography\Lab\Spatial Data\Historic_Medium.shp" Shapefile #</Process><Process ToolSource="c:\program files\arcgis\pro\Resources\ArcToolbox\toolboxes\Data Management Tools.tbx\CopyMultiple" Date="20220830" Time="123229">CopyMultiple "'C:\Users\jenbaron\Documents\UBC\Teaching\GEM500\2022\Modules\2_Aerial Photography\Lab\Spatial Data\Historic.tif' raster_file_general;'C:\Users\jenbaron\Documents\UBC\Teaching\GEM500\2022\Modules\2_Aerial Photography\Lab\Spatial Data\Historic_Coarse.shp' shapefile_polygon;'C:\Users\jenbaron\Documents\UBC\Teaching\GEM500\2022\Modules\2_Aerial Photography\Lab\Spatial Data\Historic_Fine.shp' shapefile_polygon;'C:\Users\jenbaron\Documents\UBC\Teaching\GEM500\2022\Modules\2_Aerial Photography\Lab\Spatial Data\Historic_Medium.shp' shapefile_polygon;'C:\Users\jenbaron\Documents\UBC\Teaching\GEM500\2022\Modules\2_Aerial Photography\Lab\Spatial Data\Modern.tif' raster_file_general;'C:\Users\jenbaron\Documents\UBC\Teaching\GEM500\2022\Modules\2_Aerial Photography\Lab\Spatial Data\Modern_Coarse.shp' shapefile_polygon;'C:\Users\jenbaron\Documents\UBC\Teaching\GEM500\2022\Modules\2_Aerial Photography\Lab\Spatial Data\Modern_Course_Class.shp' shapefile_polygon;'C:\Users\jenbaron\Documents\UBC\Teaching\GEM500\2022\Modules\2_Aerial Photography\Lab\Spatial Data\Modern_fine.shp' shapefile_polygon;'C:\Users\jenbaron\Documents\UBC\Teaching\GEM500\2022\Modules\2_Aerial Photography\Lab\Spatial Data\Modern_Medium.shp' shapefile_polygon" "C:\Users\jenbaron\Documents\UBC\Teaching\GEM500\2022\Modules\2_Aerial Photography\Lab\Air Photos Spatial" Historic;Historic_Coarse;Historic_Fine;Historic_Medium;Modern;Modern_Coarse;Modern_Course_Class;Modern_fine;Modern_Medium "Historic.tif RasterDataset Historic.tif #;Historic_Coarse FeatureClass Historic_Coarse.shp #;Historic_Fine FeatureClass Historic_Fine.shp #;Historic_Medium FeatureClass Historic_Medium.shp #;Modern.tif RasterDataset Modern.tif #;Modern_Coarse FeatureClass Modern_Coarse.shp #;Modern_Course_Class FeatureClass Modern_Course_Class.shp #;Modern_fine FeatureClass Modern_fine.shp #;Modern_Medium FeatureClass Modern_Medium.shp #"</Process><Process ToolSource="c:\program files\arcgis\pro\Resources\ArcToolbox\toolboxes\Data Management Tools.tbx\CopyMultiple" Date="20220830" Time="124130">CopyMultiple "'C:\Users\jenbaron\Documents\UBC\Teaching\GEM500\2022\Modules\2_Aerial Photography\Lab\Air Photos Spatial\Historic.tif' raster_file_general;'C:\Users\jenbaron\Documents\UBC\Teaching\GEM500\2022\Modules\2_Aerial Photography\Lab\Air Photos Spatial\Historic_Coarse.shp' shapefile_polygon;'C:\Users\jenbaron\Documents\UBC\Teaching\GEM500\2022\Modules\2_Aerial Photography\Lab\Air Photos Spatial\Historic_Fine.shp' shapefile_polygon;'C:\Users\jenbaron\Documents\UBC\Teaching\GEM500\2022\Modules\2_Aerial Photography\Lab\Air Photos Spatial\Historic_Medium.shp' shapefile_polygon;'C:\Users\jenbaron\Documents\UBC\Teaching\GEM500\2022\Modules\2_Aerial Photography\Lab\Air Photos Spatial\Modern.tif' raster_file_general;'C:\Users\jenbaron\Documents\UBC\Teaching\GEM500\2022\Modules\2_Aerial Photography\Lab\Air Photos Spatial\Modern_Coarse.shp' shapefile_polygon;'C:\Users\jenbaron\Documents\UBC\Teaching\GEM500\2022\Modules\2_Aerial Photography\Lab\Air Photos Spatial\Modern_Course_Class.shp' shapefile_polygon;'C:\Users\jenbaron\Documents\UBC\Teaching\GEM500\2022\Modules\2_Aerial Photography\Lab\Air Photos Spatial\Modern_fine.shp' shapefile_polygon;'C:\Users\jenbaron\Documents\UBC\Teaching\GEM500\2022\Modules\2_Aerial Photography\Lab\Air Photos Spatial\Modern_Medium.shp' shapefile_polygon" "C:\Users\jenbaron\Documents\UBC\Teaching\GEM500\2022\Modules\2_Aerial Photography\Lab\Air Photos Spatial\Data" Historic;Historic_Coarse;Historic_Fine;Historic_Medium;Modern;Modern_Coarse;Modern_Course_Class;Modern_fine;Modern_Medium "Historic.tif RasterDataset Historic.tif #;Historic_Coarse FeatureClass Historic_Coarse.shp #;Historic_Fine FeatureClass Historic_Fine.shp #;Historic_Medium FeatureClass Historic_Medium.shp #;Modern.tif RasterDataset Modern.tif #;Modern_Coarse FeatureClass Modern_Coarse.shp #;Modern_Course_Class FeatureClass Modern_Course_Class.shp #;Modern_fine FeatureClass Modern_fine.shp #;Modern_Medium FeatureClass Modern_Medium.shp #"</Process></lineage></DataProperties></Esri></metadata>
