<?xml version="1.0" encoding="UTF-8"?>
<metadata xml:lang="en"><Esri><CreaDate>20220830</CreaDate><CreaTime>12413000</CreaTime><ArcGISFormat>1.0</ArcGISFormat><SyncOnce>FALSE</SyncOnce><DataProperties><itemProps><itemName Sync="TRUE">Mod_clip1.tif</itemName><itemLocation><linkage Sync="TRUE">file://\\FRST-FCS-3201C\C$\Users\jenbaron\Documents\UBC\Teaching\GEM500\2022\Modules\2_Aerial Photography\Lab\Air Photos Spatial\Data\Modern.tif</linkage><protocol Sync="TRUE">Local Area Network</protocol></itemLocation><imsContentType Sync="TRUE">002</imsContentType><nativeExtBox><westBL Sync="TRUE">304543.000000</westBL><eastBL Sync="TRUE">306506.000000</eastBL><southBL Sync="TRUE">5454072.000000</southBL><northBL Sync="TRUE">5455668.000000</northBL><exTypeCode Sync="TRUE">1</exTypeCode></nativeExtBox></itemProps><coordRef><type Sync="TRUE">Projected</type><geogcsn Sync="TRUE">GCS_North_American_1983</geogcsn><projcsn Sync="TRUE">North_American_1983_UTM_Zone_10N</projcsn><peXml Sync="TRUE">&lt;ProjectedCoordinateSystem xsi:type='typens:ProjectedCoordinateSystem' xmlns:xsi='http://www.w3.org/2001/XMLSchema-instance' xmlns:xs='http://www.w3.org/2001/XMLSchema' xmlns:typens='http://www.esri.com/schemas/ArcGIS/10.0'&gt;&lt;WKT&gt;PROJCS[&amp;quot;North_American_1983_UTM_Zone_10N&amp;quot;,GEOGCS[&amp;quot;GCS_North_American_1983&amp;quot;,DATUM[&amp;quot;D_unknown&amp;quot;,SPHEROID[&amp;quot;unretrievable_using_WGS84&amp;quot;,6378137.0,298.257223563]],PRIMEM[&amp;quot;Greenwich&amp;quot;,0.0],UNIT[&amp;quot;Degree&amp;quot;,0.0174532925199433]],PROJECTION[&amp;quot;Transverse_Mercator&amp;quot;],PARAMETER[&amp;quot;false_easting&amp;quot;,500000.0],PARAMETER[&amp;quot;false_northing&amp;quot;,0.0],PARAMETER[&amp;quot;central_meridian&amp;quot;,-123.0],PARAMETER[&amp;quot;scale_factor&amp;quot;,0.9996],PARAMETER[&amp;quot;latitude_of_origin&amp;quot;,0.0],UNIT[&amp;quot;Meter&amp;quot;,1.0]]&lt;/WKT&gt;&lt;XOrigin&gt;-5120900&lt;/XOrigin&gt;&lt;YOrigin&gt;-9998100&lt;/YOrigin&gt;&lt;XYScale&gt;450445547.3910538&lt;/XYScale&gt;&lt;ZOrigin&gt;-100000&lt;/ZOrigin&gt;&lt;ZScale&gt;10000&lt;/ZScale&gt;&lt;MOrigin&gt;-100000&lt;/MOrigin&gt;&lt;MScale&gt;10000&lt;/MScale&gt;&lt;XYTolerance&gt;0.001&lt;/XYTolerance&gt;&lt;ZTolerance&gt;0.001&lt;/ZTolerance&gt;&lt;MTolerance&gt;0.001&lt;/MTolerance&gt;&lt;HighPrecision&gt;true&lt;/HighPrecision&gt;&lt;/ProjectedCoordinateSystem&gt;</peXml></coordRef><RasterProperties><General><PixelDepth Sync="TRUE">16</PixelDepth><HasColormap Sync="TRUE">FALSE</HasColormap><CompressionType Sync="TRUE">None</CompressionType><NumBands Sync="TRUE">1</NumBands><Format Sync="TRUE">TIFF</Format><HasPyramids Sync="TRUE">TRUE</HasPyramids><SourceType Sync="TRUE">continuous</SourceType><PixelType Sync="TRUE">unsigned integer</PixelType><NoDataValue Sync="TRUE">256</NoDataValue></General></RasterProperties><lineage><Process ToolSource="C:\Program Files\ArcGIS\Desktop10.0\ArcToolbox\Toolboxes\Data Management Tools.tbx\Clip" Date="20100915" Time="140133">Clip bc_092f022_xb1m_utm10_1996.tif "304543.594767546 5454072.67008508 306505.138222382 5455667.7369046" L:\Collin\Clayoquot\AirPhotoLab\Mod_clip1.tif Lab_extent # ClippingGeometry</Process><Process ToolSource="c:\program files\arcgis\pro\Resources\ArcToolbox\toolboxes\Data Management Tools.tbx\Copy" Date="20220830" Time="113917">Copy "C:\Users\jenbaron\Documents\UBC\Teaching\GEM500\2022\Modules\2_Aerial Photography\Lab\Lab Development\Clayoquot\AirPhotoLab\Mod_clip1.tif" "C:\Users\jenbaron\Documents\UBC\Teaching\GEM500\2022\Modules\2_Aerial Photography\Lab\Spatial Data\Mod_clip1.tif" "Raster Dataset" #</Process><Process ToolSource="c:\program files\arcgis\pro\Resources\ArcToolbox\toolboxes\Data Management Tools.tbx\Rename" Date="20220830" Time="113928">Rename "C:\Users\jenbaron\Documents\UBC\Teaching\GEM500\2022\Modules\2_Aerial Photography\Lab\Spatial Data\Mod_clip1.tif" "C:\Users\jenbaron\Documents\UBC\Teaching\GEM500\2022\Modules\2_Aerial Photography\Lab\Spatial Data\Modern.tif" RasterDataset</Process><Process ToolSource="c:\program files\arcgis\pro\Resources\ArcToolbox\toolboxes\Data Management Tools.tbx\CopyMultiple" Date="20220830" Time="123229">CopyMultiple "'C:\Users\jenbaron\Documents\UBC\Teaching\GEM500\2022\Modules\2_Aerial Photography\Lab\Spatial Data\Historic.tif' raster_file_general;'C:\Users\jenbaron\Documents\UBC\Teaching\GEM500\2022\Modules\2_Aerial Photography\Lab\Spatial Data\Historic_Coarse.shp' shapefile_polygon;'C:\Users\jenbaron\Documents\UBC\Teaching\GEM500\2022\Modules\2_Aerial Photography\Lab\Spatial Data\Historic_Fine.shp' shapefile_polygon;'C:\Users\jenbaron\Documents\UBC\Teaching\GEM500\2022\Modules\2_Aerial Photography\Lab\Spatial Data\Historic_Medium.shp' shapefile_polygon;'C:\Users\jenbaron\Documents\UBC\Teaching\GEM500\2022\Modules\2_Aerial Photography\Lab\Spatial Data\Modern.tif' raster_file_general;'C:\Users\jenbaron\Documents\UBC\Teaching\GEM500\2022\Modules\2_Aerial Photography\Lab\Spatial Data\Modern_Coarse.shp' shapefile_polygon;'C:\Users\jenbaron\Documents\UBC\Teaching\GEM500\2022\Modules\2_Aerial Photography\Lab\Spatial Data\Modern_Course_Class.shp' shapefile_polygon;'C:\Users\jenbaron\Documents\UBC\Teaching\GEM500\2022\Modules\2_Aerial Photography\Lab\Spatial Data\Modern_fine.shp' shapefile_polygon;'C:\Users\jenbaron\Documents\UBC\Teaching\GEM500\2022\Modules\2_Aerial Photography\Lab\Spatial Data\Modern_Medium.shp' shapefile_polygon" "C:\Users\jenbaron\Documents\UBC\Teaching\GEM500\2022\Modules\2_Aerial Photography\Lab\Air Photos Spatial" Historic;Historic_Coarse;Historic_Fine;Historic_Medium;Modern;Modern_Coarse;Modern_Course_Class;Modern_fine;Modern_Medium "Historic.tif RasterDataset Historic.tif #;Historic_Coarse FeatureClass Historic_Coarse.shp #;Historic_Fine FeatureClass Historic_Fine.shp #;Historic_Medium FeatureClass Historic_Medium.shp #;Modern.tif RasterDataset Modern.tif #;Modern_Coarse FeatureClass Modern_Coarse.shp #;Modern_Course_Class FeatureClass Modern_Course_Class.shp #;Modern_fine FeatureClass Modern_fine.shp #;Modern_Medium FeatureClass Modern_Medium.shp #"</Process><Process ToolSource="c:\program files\arcgis\pro\Resources\ArcToolbox\toolboxes\Data Management Tools.tbx\CopyMultiple" Date="20220830" Time="124130">CopyMultiple "'C:\Users\jenbaron\Documents\UBC\Teaching\GEM500\2022\Modules\2_Aerial Photography\Lab\Air Photos Spatial\Historic.tif' raster_file_general;'C:\Users\jenbaron\Documents\UBC\Teaching\GEM500\2022\Modules\2_Aerial Photography\Lab\Air Photos Spatial\Historic_Coarse.shp' shapefile_polygon;'C:\Users\jenbaron\Documents\UBC\Teaching\GEM500\2022\Modules\2_Aerial Photography\Lab\Air Photos Spatial\Historic_Fine.shp' shapefile_polygon;'C:\Users\jenbaron\Documents\UBC\Teaching\GEM500\2022\Modules\2_Aerial Photography\Lab\Air Photos Spatial\Historic_Medium.shp' shapefile_polygon;'C:\Users\jenbaron\Documents\UBC\Teaching\GEM500\2022\Modules\2_Aerial Photography\Lab\Air Photos Spatial\Modern.tif' raster_file_general;'C:\Users\jenbaron\Documents\UBC\Teaching\GEM500\2022\Modules\2_Aerial Photography\Lab\Air Photos Spatial\Modern_Coarse.shp' shapefile_polygon;'C:\Users\jenbaron\Documents\UBC\Teaching\GEM500\2022\Modules\2_Aerial Photography\Lab\Air Photos Spatial\Modern_Course_Class.shp' shapefile_polygon;'C:\Users\jenbaron\Documents\UBC\Teaching\GEM500\2022\Modules\2_Aerial Photography\Lab\Air Photos Spatial\Modern_fine.shp' shapefile_polygon;'C:\Users\jenbaron\Documents\UBC\Teaching\GEM500\2022\Modules\2_Aerial Photography\Lab\Air Photos Spatial\Modern_Medium.shp' shapefile_polygon" "C:\Users\jenbaron\Documents\UBC\Teaching\GEM500\2022\Modules\2_Aerial Photography\Lab\Air Photos Spatial\Data" Historic;Historic_Coarse;Historic_Fine;Historic_Medium;Modern;Modern_Coarse;Modern_Course_Class;Modern_fine;Modern_Medium "Historic.tif RasterDataset Historic.tif #;Historic_Coarse FeatureClass Historic_Coarse.shp #;Historic_Fine FeatureClass Historic_Fine.shp #;Historic_Medium FeatureClass Historic_Medium.shp #;Modern.tif RasterDataset Modern.tif #;Modern_Coarse FeatureClass Modern_Coarse.shp #;Modern_Course_Class FeatureClass Modern_Course_Class.shp #;Modern_fine FeatureClass Modern_fine.shp #;Modern_Medium FeatureClass Modern_Medium.shp #"</Process></lineage><copyHistory><copy source="C:\Users\jenbaron\Documents\UBC\Teaching\GEM500\2022\Modules\2_Aerial Photography\Lab\Air Photos Spatial\Modern.tif" dest="\\FRST-FCS-3201C\C$\Users\jenbaron\Documents\UBC\Teaching\GEM500\2022\Modules\2_Aerial Photography\Lab\Air Photos Spatial\Data\Modern.tif" date="20220830" time="12413000"></copy></copyHistory></DataProperties><SyncDate>20100915</SyncDate><SyncTime>14013100</SyncTime><ModDate>20100915</ModDate><ModTime>14013100</ModTime></Esri><dataIdInfo><envirDesc Sync="TRUE">Microsoft Windows XP Version 5.1 (Build 2600) Service Pack 3; ESRI ArcGIS 10.0.0.2414</envirDesc><dataLang><languageCode value="en" country="US"></languageCode></dataLang><idCitation><resTitle Sync="TRUE">Mod_clip1.tif</resTitle><presForm><PresFormCd value="005"></PresFormCd></presForm></idCitation><descKeys><thesaName uuidref="723f6998-058e-11dc-8314-0800200c9a66"></thesaName><keyword Sync="TRUE">002</keyword></descKeys><spatRpType><SpatRepTypCd value="002"></SpatRepTypCd></spatRpType><dataExt><geoEle><GeoBndBox esriExtentType="search"><westBL Sync="TRUE">-125.684401</westBL><eastBL Sync="TRUE">-125.656702</eastBL><northBL Sync="TRUE">49.223204</northBL><southBL Sync="TRUE">49.208241</southBL><exTypeCode Sync="TRUE">1</exTypeCode></GeoBndBox></geoEle></dataExt></dataIdInfo><mdLang><languageCode value="en"></languageCode></mdLang><mdChar><CharSetCd value="004"></CharSetCd></mdChar><distInfo><distFormat><formatName Sync="TRUE">Raster Dataset</formatName></distFormat></distInfo><mdHrLv><ScopeCd value="005"></ScopeCd></mdHrLv><mdHrLvName Sync="TRUE">dataset</mdHrLvName><refSysInfo><RefSystem><refSysID><identCode code="0"></identCode></refSysID></RefSystem></refSysInfo><spatRepInfo><Georect><cellGeo><CellGeoCd Sync="TRUE" value="002"></CellGeoCd></cellGeo><numDims Sync="TRUE">2</numDims><tranParaAv Sync="TRUE">1</tranParaAv><chkPtAv Sync="TRUE">0</chkPtAv><cornerPts><pos Sync="TRUE">304543.000000 5454072.000000</pos></cornerPts><cornerPts><pos Sync="TRUE">304543.000000 5455668.000000</pos></cornerPts><cornerPts><pos Sync="TRUE">306506.000000 5455668.000000</pos></cornerPts><cornerPts><pos Sync="TRUE">306506.000000 5454072.000000</pos></cornerPts><centerPt><pos Sync="TRUE">305524.500000 5454870.000000</pos></centerPt><axisDimension type="002"><dimSize Sync="TRUE">1963</dimSize><dimResol><value Sync="TRUE" uom="Meter">1.000000</value></dimResol></axisDimension><axisDimension type="001"><dimSize Sync="TRUE">1596</dimSize><dimResol><value Sync="TRUE" uom="Meter">1.000000</value></dimResol></axisDimension><ptInPixel><PixOrientCd Sync="TRUE" value="001"></PixOrientCd></ptInPixel></Georect></spatRepInfo><contInfo><ImgDesc><contentTyp><ContentTypCd Sync="TRUE" value="001"></ContentTypCd></contentTyp><covDim><Band><dimDescrp Sync="TRUE">Band_1</dimDescrp><bitsPerVal Sync="TRUE">16</bitsPerVal><valUnit><UOM type="length"><unitSymbol Sync="TRUE">Meter</unitSymbol></UOM></valUnit></Band></covDim></ImgDesc></contInfo><mdDateSt Sync="TRUE">20100915</mdDateSt></metadata>
