<?xml version="1.0" encoding="UTF-8"?>
<metadata xml:lang="en"><Esri><CreaDate>20220830</CreaDate><CreaTime>12413000</CreaTime><ArcGISFormat>1.0</ArcGISFormat><SyncOnce>FALSE</SyncOnce><DataProperties><itemProps><itemName Sync="TRUE">Modern_Course_Class</itemName><imsContentType Sync="TRUE">002</imsContentType><itemSize Sync="TRUE">0.000</itemSize><itemLocation><linkage Sync="TRUE">file://\\FRST-FCS-3201C\C$\Users\jenbaron\Documents\UBC\Teaching\GEM500\2022\Modules\2_Aerial Photography\Lab\Air Photos Spatial\Data\Modern_Course_Class</linkage><protocol Sync="TRUE">Local Area Network</protocol></itemLocation></itemProps><coordRef><type Sync="TRUE">Projected</type><geogcsn Sync="TRUE">GCS Name = GCS_North_American_1983|Datum = unknown|Ellipsoid = unretrievable_us</geogcsn><csUnits Sync="TRUE">Linear Unit: Meter (1.000000)</csUnits><projcsn Sync="TRUE">PCS Name = North_American_1983_UTM_Zone_10N</projcsn><peXml Sync="TRUE">&lt;ProjectedCoordinateSystem xsi:type='typens:ProjectedCoordinateSystem' xmlns:xsi='http://www.w3.org/2001/XMLSchema-instance' xmlns:xs='http://www.w3.org/2001/XMLSchema' xmlns:typens='http://www.esri.com/schemas/ArcGIS/2.9.0'&gt;&lt;WKT&gt;PROJCS[&amp;quot;PCS Name = North_American_1983_UTM_Zone_10N&amp;quot;,GEOGCS[&amp;quot;GCS Name = GCS_North_American_1983|Datum = unknown|Ellipsoid = unretrievable_us&amp;quot;,DATUM[&amp;quot;D_unknown&amp;quot;,SPHEROID[&amp;quot;Unknown&amp;quot;,6378137.0,298.2572235630016]],PRIMEM[&amp;quot;Greenwich&amp;quot;,0.0],UNIT[&amp;quot;Degree&amp;quot;,0.0174532925199433]],PROJECTION[&amp;quot;Transverse_Mercator&amp;quot;],PARAMETER[&amp;quot;false_easting&amp;quot;,500000.0],PARAMETER[&amp;quot;false_northing&amp;quot;,0.0],PARAMETER[&amp;quot;central_meridian&amp;quot;,-123.0],PARAMETER[&amp;quot;scale_factor&amp;quot;,0.9996],PARAMETER[&amp;quot;latitude_of_origin&amp;quot;,0.0],UNIT[&amp;quot;Meter&amp;quot;,1.0]]&lt;/WKT&gt;&lt;XOrigin&gt;-5120900&lt;/XOrigin&gt;&lt;YOrigin&gt;-9998100&lt;/YOrigin&gt;&lt;XYScale&gt;450445547.3910538&lt;/XYScale&gt;&lt;ZOrigin&gt;-100000&lt;/ZOrigin&gt;&lt;ZScale&gt;10000&lt;/ZScale&gt;&lt;MOrigin&gt;-100000&lt;/MOrigin&gt;&lt;MScale&gt;10000&lt;/MScale&gt;&lt;XYTolerance&gt;0.001&lt;/XYTolerance&gt;&lt;ZTolerance&gt;0.001&lt;/ZTolerance&gt;&lt;MTolerance&gt;0.001&lt;/MTolerance&gt;&lt;HighPrecision&gt;true&lt;/HighPrecision&gt;&lt;/ProjectedCoordinateSystem&gt;</peXml></coordRef><lineage><Process ToolSource="c:\program files\arcgis\pro\Resources\ArcToolbox\toolboxes\Conversion Tools.tbx\FeatureClassToFeatureClass" Date="20220830" Time="115643">FeatureClassToFeatureClass Modern_Coarse "C:\Users\jenbaron\Documents\UBC\Teaching\GEM500\2022\Modules\2_Aerial Photography\Lab\Spatial Data" Modern_Course_Class.shp # "Borderinde "Borderinde" true true false 32 Double 16 31,First,#,Modern_Coarse,Borderinde,-1,-1;Area(m2) "Area(m2)" true true false 32 Double 16 31,First,#,Modern_Coarse,Area(m2),-1,-1;MeanDiff_t "MeanDiff_t" true true false 32 Double 16 31,First,#,Modern_Coarse,MeanDiff_t,-1,-1;GLDVContra "GLDVContra" true true false 32 Double 16 31,First,#,Modern_Coarse,GLDVContra,-1,-1;MeanLayer1 "MeanLayer1" true true false 32 Double 16 31,First,#,Modern_Coarse,MeanLayer1,-1,-1;Densityofs "Densityofs" true true false 32 Double 16 31,First,#,Modern_Coarse,Densityofs,-1,-1" #</Process><Process ToolSource="c:\program files\arcgis\pro\Resources\ArcToolbox\toolboxes\Data Management Tools.tbx\UpdateSchema" Date="20220830" Time="120014">UpdateSchema "CIMDATA=&lt;CIMStandardDataConnection xsi:type='typens:CIMStandardDataConnection' xmlns:xsi='http://www.w3.org/2001/XMLSchema-instance' xmlns:xs='http://www.w3.org/2001/XMLSchema' xmlns:typens='http://www.esri.com/schemas/ArcGIS/2.9.0'&gt;&lt;WorkspaceConnectionString&gt;DATABASE=C:\Users\jenbaron\Documents\UBC\Teaching\GEM500\2022\Modules\2_Aerial Photography\Lab\Spatial Data&lt;/WorkspaceConnectionString&gt;&lt;WorkspaceFactory&gt;Shapefile&lt;/WorkspaceFactory&gt;&lt;Dataset&gt;Modern_Course_Class&lt;/Dataset&gt;&lt;DatasetType&gt;esriDTFeatureClass&lt;/DatasetType&gt;&lt;/CIMStandardDataConnection&gt;" &lt;operationSequence&gt;&lt;workflow&gt;&lt;AddField&gt;&lt;field_name&gt;Class&lt;/field_name&gt;&lt;field_type&gt;TEXT&lt;/field_type&gt;&lt;field_length&gt;255&lt;/field_length&gt;&lt;field_is_nullable&gt;False&lt;/field_is_nullable&gt;&lt;field_is_required&gt;False&lt;/field_is_required&gt;&lt;/AddField&gt;&lt;/workflow&gt;&lt;/operationSequence&gt;</Process><Process ToolSource="c:\program files\arcgis\pro\Resources\ArcToolbox\toolboxes\Data Management Tools.tbx\CopyMultiple" Date="20220830" Time="123229">CopyMultiple "'C:\Users\jenbaron\Documents\UBC\Teaching\GEM500\2022\Modules\2_Aerial Photography\Lab\Spatial Data\Historic.tif' raster_file_general;'C:\Users\jenbaron\Documents\UBC\Teaching\GEM500\2022\Modules\2_Aerial Photography\Lab\Spatial Data\Historic_Coarse.shp' shapefile_polygon;'C:\Users\jenbaron\Documents\UBC\Teaching\GEM500\2022\Modules\2_Aerial Photography\Lab\Spatial Data\Historic_Fine.shp' shapefile_polygon;'C:\Users\jenbaron\Documents\UBC\Teaching\GEM500\2022\Modules\2_Aerial Photography\Lab\Spatial Data\Historic_Medium.shp' shapefile_polygon;'C:\Users\jenbaron\Documents\UBC\Teaching\GEM500\2022\Modules\2_Aerial Photography\Lab\Spatial Data\Modern.tif' raster_file_general;'C:\Users\jenbaron\Documents\UBC\Teaching\GEM500\2022\Modules\2_Aerial Photography\Lab\Spatial Data\Modern_Coarse.shp' shapefile_polygon;'C:\Users\jenbaron\Documents\UBC\Teaching\GEM500\2022\Modules\2_Aerial Photography\Lab\Spatial Data\Modern_Course_Class.shp' shapefile_polygon;'C:\Users\jenbaron\Documents\UBC\Teaching\GEM500\2022\Modules\2_Aerial Photography\Lab\Spatial Data\Modern_fine.shp' shapefile_polygon;'C:\Users\jenbaron\Documents\UBC\Teaching\GEM500\2022\Modules\2_Aerial Photography\Lab\Spatial Data\Modern_Medium.shp' shapefile_polygon" "C:\Users\jenbaron\Documents\UBC\Teaching\GEM500\2022\Modules\2_Aerial Photography\Lab\Air Photos Spatial" Historic;Historic_Coarse;Historic_Fine;Historic_Medium;Modern;Modern_Coarse;Modern_Course_Class;Modern_fine;Modern_Medium "Historic.tif RasterDataset Historic.tif #;Historic_Coarse FeatureClass Historic_Coarse.shp #;Historic_Fine FeatureClass Historic_Fine.shp #;Historic_Medium FeatureClass Historic_Medium.shp #;Modern.tif RasterDataset Modern.tif #;Modern_Coarse FeatureClass Modern_Coarse.shp #;Modern_Course_Class FeatureClass Modern_Course_Class.shp #;Modern_fine FeatureClass Modern_fine.shp #;Modern_Medium FeatureClass Modern_Medium.shp #"</Process><Process ToolSource="c:\program files\arcgis\pro\Resources\ArcToolbox\toolboxes\Data Management Tools.tbx\CopyMultiple" Date="20220830" Time="124130">CopyMultiple "'C:\Users\jenbaron\Documents\UBC\Teaching\GEM500\2022\Modules\2_Aerial Photography\Lab\Air Photos Spatial\Historic.tif' raster_file_general;'C:\Users\jenbaron\Documents\UBC\Teaching\GEM500\2022\Modules\2_Aerial Photography\Lab\Air Photos Spatial\Historic_Coarse.shp' shapefile_polygon;'C:\Users\jenbaron\Documents\UBC\Teaching\GEM500\2022\Modules\2_Aerial Photography\Lab\Air Photos Spatial\Historic_Fine.shp' shapefile_polygon;'C:\Users\jenbaron\Documents\UBC\Teaching\GEM500\2022\Modules\2_Aerial Photography\Lab\Air Photos Spatial\Historic_Medium.shp' shapefile_polygon;'C:\Users\jenbaron\Documents\UBC\Teaching\GEM500\2022\Modules\2_Aerial Photography\Lab\Air Photos Spatial\Modern.tif' raster_file_general;'C:\Users\jenbaron\Documents\UBC\Teaching\GEM500\2022\Modules\2_Aerial Photography\Lab\Air Photos Spatial\Modern_Coarse.shp' shapefile_polygon;'C:\Users\jenbaron\Documents\UBC\Teaching\GEM500\2022\Modules\2_Aerial Photography\Lab\Air Photos Spatial\Modern_Course_Class.shp' shapefile_polygon;'C:\Users\jenbaron\Documents\UBC\Teaching\GEM500\2022\Modules\2_Aerial Photography\Lab\Air Photos Spatial\Modern_fine.shp' shapefile_polygon;'C:\Users\jenbaron\Documents\UBC\Teaching\GEM500\2022\Modules\2_Aerial Photography\Lab\Air Photos Spatial\Modern_Medium.shp' shapefile_polygon" "C:\Users\jenbaron\Documents\UBC\Teaching\GEM500\2022\Modules\2_Aerial Photography\Lab\Air Photos Spatial\Data" Historic;Historic_Coarse;Historic_Fine;Historic_Medium;Modern;Modern_Coarse;Modern_Course_Class;Modern_fine;Modern_Medium "Historic.tif RasterDataset Historic.tif #;Historic_Coarse FeatureClass Historic_Coarse.shp #;Historic_Fine FeatureClass Historic_Fine.shp #;Historic_Medium FeatureClass Historic_Medium.shp #;Modern.tif RasterDataset Modern.tif #;Modern_Coarse FeatureClass Modern_Coarse.shp #;Modern_Course_Class FeatureClass Modern_Course_Class.shp #;Modern_fine FeatureClass Modern_fine.shp #;Modern_Medium FeatureClass Modern_Medium.shp #"</Process></lineage><copyHistory><copy source="C:\Users\jenbaron\Documents\UBC\Teaching\GEM500\2022\Modules\2_Aerial Photography\Lab\Air Photos Spatial\Modern_Course_Class" dest="\\FRST-FCS-3201C\C$\Users\jenbaron\Documents\UBC\Teaching\GEM500\2022\Modules\2_Aerial Photography\Lab\Air Photos Spatial\Data\Modern_Course_Class" date="20220830" time="12413000"></copy></copyHistory></DataProperties><SyncDate>20220830</SyncDate><SyncTime>11564300</SyncTime><ModDate>20220830</ModDate><ModTime>11564300</ModTime></Esri><dataIdInfo><envirDesc Sync="TRUE">Microsoft Windows 10 Version 10.0 (Build 22000) ; Esri ArcGIS 12.9.0.32739</envirDesc><dataLang><languageCode value="eng" Sync="TRUE"></languageCode><countryCode value="USA" Sync="TRUE"></countryCode></dataLang><idCitation><resTitle Sync="TRUE">Modern_Course_Class</resTitle><presForm><PresFormCd value="005" Sync="TRUE"></PresFormCd></presForm></idCitation><spatRpType><SpatRepTypCd value="001" Sync="TRUE"></SpatRepTypCd></spatRpType></dataIdInfo><mdLang><languageCode value="eng" Sync="TRUE"></languageCode><countryCode value="USA" Sync="TRUE"></countryCode></mdLang><mdChar><CharSetCd value="004" Sync="TRUE"></CharSetCd></mdChar><distInfo><distFormat><formatName Sync="TRUE">Shapefile</formatName></distFormat><distTranOps><transSize Sync="TRUE">0.000</transSize></distTranOps></distInfo><mdHrLv><ScopeCd value="005" Sync="TRUE"></ScopeCd></mdHrLv><mdHrLvName Sync="TRUE">dataset</mdHrLvName><refSysInfo><RefSystem><refSysID><identCode code="0" Sync="TRUE"></identCode></refSysID></RefSystem></refSysInfo><spatRepInfo><VectSpatRep><geometObjs Name="Modern_Course_Class"><geoObjTyp><GeoObjTypCd value="002" Sync="TRUE"></GeoObjTypCd></geoObjTyp><geoObjCnt Sync="TRUE">0</geoObjCnt></geometObjs><topLvl><TopoLevCd value="001" Sync="TRUE"></TopoLevCd></topLvl></VectSpatRep></spatRepInfo><spdoinfo><ptvctinf><esriterm Name="Modern_Course_Class"><efeatyp Sync="TRUE">Simple</efeatyp><efeageom code="4" Sync="TRUE"></efeageom><esritopo Sync="TRUE">FALSE</esritopo><efeacnt Sync="TRUE">0</efeacnt><spindex Sync="TRUE">FALSE</spindex><linrefer Sync="TRUE">FALSE</linrefer></esriterm></ptvctinf></spdoinfo><eainfo><detailed Name="Modern_Course_Class"><enttyp><enttypl Sync="TRUE">Modern_Course_Class</enttypl><enttypt Sync="TRUE">Feature Class</enttypt><enttypc Sync="TRUE">0</enttypc></enttyp><attr><attrlabl Sync="TRUE">FID</attrlabl><attalias Sync="TRUE">FID</attalias><attrtype Sync="TRUE">OID</attrtype><attwidth Sync="TRUE">4</attwidth><atprecis Sync="TRUE">0</atprecis><attscale Sync="TRUE">0</attscale><attrdef Sync="TRUE">Internal feature number.</attrdef><attrdefs Sync="TRUE">Esri</attrdefs><attrdomv><udom Sync="TRUE">Sequential unique whole numbers that are automatically generated.</udom></attrdomv></attr><attr><attrlabl Sync="TRUE">Shape</attrlabl><attalias Sync="TRUE">Shape</attalias><attrtype Sync="TRUE">Geometry</attrtype><attwidth Sync="TRUE">0</attwidth><atprecis Sync="TRUE">0</atprecis><attscale Sync="TRUE">0</attscale><attrdef Sync="TRUE">Feature geometry.</attrdef><attrdefs Sync="TRUE">Esri</attrdefs><attrdomv><udom Sync="TRUE">Coordinates defining the features.</udom></attrdomv></attr><attr><attrlabl Sync="TRUE">Borderinde</attrlabl><attalias Sync="TRUE">Borderinde</attalias><attrtype Sync="TRUE">Double</attrtype><attwidth Sync="TRUE">19</attwidth><atprecis Sync="TRUE">18</atprecis><attscale Sync="TRUE">16</attscale></attr><attr><attrlabl Sync="TRUE">Area_m2_</attrlabl><attalias Sync="TRUE">Area_m2_</attalias><attrtype Sync="TRUE">Double</attrtype><attwidth Sync="TRUE">19</attwidth><atprecis Sync="TRUE">18</atprecis><attscale Sync="TRUE">16</attscale></attr><attr><attrlabl Sync="TRUE">MeanDiff_t</attrlabl><attalias Sync="TRUE">MeanDiff_t</attalias><attrtype Sync="TRUE">Double</attrtype><attwidth Sync="TRUE">19</attwidth><atprecis Sync="TRUE">18</atprecis><attscale Sync="TRUE">16</attscale></attr><attr><attrlabl Sync="TRUE">GLDVContra</attrlabl><attalias Sync="TRUE">GLDVContra</attalias><attrtype Sync="TRUE">Double</attrtype><attwidth Sync="TRUE">19</attwidth><atprecis Sync="TRUE">18</atprecis><attscale Sync="TRUE">16</attscale></attr><attr><attrlabl Sync="TRUE">MeanLayer1</attrlabl><attalias Sync="TRUE">MeanLayer1</attalias><attrtype Sync="TRUE">Double</attrtype><attwidth Sync="TRUE">19</attwidth><atprecis Sync="TRUE">18</atprecis><attscale Sync="TRUE">16</attscale></attr><attr><attrlabl Sync="TRUE">Densityofs</attrlabl><attalias Sync="TRUE">Densityofs</attalias><attrtype Sync="TRUE">Double</attrtype><attwidth Sync="TRUE">19</attwidth><atprecis Sync="TRUE">18</atprecis><attscale Sync="TRUE">16</attscale></attr></detailed></eainfo><mdDateSt Sync="TRUE">20220830</mdDateSt></metadata>
